skill_id,node_type,domain,detected_tool,matched_keyword,secondary_domains,verb_prefix
abusing-dpapi-for-credential-access,skill,active_directory_and_identity_attacks,,dpapi,,abusing
abusing-shadow-credentials-for-privesc,skill,active_directory_and_identity_attacks,,shadow-credentials,,abusing
achieving-cmmc-level-2-compliance,skill,compliance_and_grc,,cmmc,,achieving
acquiring-disk-image-with-dd-and-dcfldd,skill,digital_forensics_and_incident_response,dd-and-dcfldd,disk-image,,acquiring
analyzing-active-directory-acl-abuse,skill,active_directory_and_identity_attacks,,active-directory,,analyzing
analyzing-android-malware-with-apktool,skill,mobile_security,apktool,android,malware_analysis_and_reverse_engineering,analyzing
analyzing-api-gateway-access-logs,skill,application_and_api_security,,api-gateway,,analyzing
analyzing-apt-group-with-mitre-navigator,skill,threat_intelligence,mitre-navigator,mitre-navigator,,analyzing
analyzing-azure-activity-logs-for-threats,skill,cloud_security,,azure,,analyzing
analyzing-bootkit-and-rootkit-samples,skill,malware_analysis_and_reverse_engineering,,rootkit,,analyzing
analyzing-browser-forensics-with-hindsight,skill,digital_forensics_and_incident_response,hindsight,browser-forensics,,analyzing
analyzing-campaign-attribution-evidence,skill,threat_intelligence,,campaign-attribution,,analyzing
analyzing-certificate-transparency-for-phishing,skill,network_security_and_perimeter,,certificate-transparency,email_and_social_engineering_security,analyzing
analyzing-cloud-storage-access-patterns,skill,cloud_security,,cloud-storage,,analyzing
analyzing-cobalt-strike-beacon-configuration,skill,malware_analysis_and_reverse_engineering,,cobalt-strike-beacon,,analyzing
analyzing-cobaltstrike-malleable-c2-profiles,skill,malware_analysis_and_reverse_engineering,,malleable-c2,offensive_security_and_red_teaming,analyzing
analyzing-command-and-control-communication,skill,malware_analysis_and_reverse_engineering,,command-and-control-communication,,analyzing
analyzing-cyber-kill-chain,skill,threat_intelligence,,cyber-kill-chain,,analyzing
analyzing-disk-image-with-autopsy,skill,digital_forensics_and_incident_response,autopsy,disk-image,,analyzing
analyzing-dns-logs-for-exfiltration,skill,detection_engineering_and_threat_hunting,,dns-logs-for-exfiltration,,analyzing
analyzing-docker-container-forensics,skill,digital_forensics_and_incident_response,,forensics,container_and_kubernetes_security,analyzing
analyzing-email-headers-for-phishing-investigation,skill,email_and_social_engineering_security,,phishing,,analyzing
analyzing-ethereum-smart-contract-vulnerabilities,skill,web3_and_smart_contract_security,,smart-contract,,analyzing
analyzing-golang-malware-with-ghidra,skill,malware_analysis_and_reverse_engineering,ghidra,malware,,analyzing
analyzing-heap-spray-exploitation,skill,malware_analysis_and_reverse_engineering,,heap-spray,,analyzing
analyzing-indicators-of-compromise,skill,threat_intelligence,,indicators-of-compromise,,analyzing
analyzing-ios-app-security-with-objection,skill,mobile_security,objection,ios-app,,analyzing
analyzing-kubernetes-audit-logs,skill,container_and_kubernetes_security,,kubernetes,,analyzing
analyzing-linux-audit-logs-for-intrusion,skill,digital_forensics_and_incident_response,,linux-audit-logs,,analyzing
analyzing-linux-elf-malware,skill,malware_analysis_and_reverse_engineering,,malware,,analyzing
analyzing-linux-kernel-rootkits,skill,malware_analysis_and_reverse_engineering,,rootkit,,analyzing
analyzing-linux-system-artifacts,skill,digital_forensics_and_incident_response,,linux-system-artifacts,,analyzing
analyzing-lnk-file-and-jump-list-artifacts,skill,digital_forensics_and_incident_response,,lnk-file,,analyzing
analyzing-macro-malware-in-office-documents,skill,malware_analysis_and_reverse_engineering,,malware,,analyzing
analyzing-malicious-pdf-with-peepdf,skill,malware_analysis_and_reverse_engineering,peepdf,peepdf,,analyzing
analyzing-malicious-url-with-urlscan,skill,detection_engineering_and_threat_hunting,urlscan,malicious-url,,analyzing
analyzing-malware-behavior-with-cuckoo-sandbox,skill,malware_analysis_and_reverse_engineering,cuckoo-sandbox,malware,,analyzing
analyzing-malware-family-relationships-with-malpedia,skill,malware_analysis_and_reverse_engineering,malpedia,malware,,analyzing
analyzing-malware-persistence-with-autoruns,skill,malware_analysis_and_reverse_engineering,autoruns,malware,,analyzing
analyzing-malware-sandbox-evasion-techniques,skill,malware_analysis_and_reverse_engineering,,malware,,analyzing
analyzing-memory-dumps-with-volatility,skill,digital_forensics_and_incident_response,volatility,volatility,,analyzing
analyzing-memory-forensics-with-lime-and-volatility,skill,digital_forensics_and_incident_response,lime-and-volatility,volatility,,analyzing
analyzing-mft-for-deleted-file-recovery,skill,digital_forensics_and_incident_response,,mft,,analyzing
analyzing-network-covert-channels-in-malware,skill,malware_analysis_and_reverse_engineering,,malware,,analyzing
analyzing-network-flow-data-with-netflow,skill,detection_engineering_and_threat_hunting,netflow,network-flow-data,,analyzing
analyzing-network-packets-with-scapy,skill,detection_engineering_and_threat_hunting,scapy,network-packets,,analyzing
analyzing-network-traffic-for-incidents,skill,detection_engineering_and_threat_hunting,,network-traffic-for-incidents,,analyzing
analyzing-network-traffic-of-malware,skill,malware_analysis_and_reverse_engineering,,malware,,analyzing
analyzing-network-traffic-with-wireshark,skill,network_security_and_perimeter,wireshark,wireshark,,analyzing
analyzing-office365-audit-logs-for-compromise,skill,cloud_security,,office365,,analyzing
analyzing-outlook-pst-for-email-forensics,skill,digital_forensics_and_incident_response,,outlook-pst,,analyzing
analyzing-packed-malware-with-upx-unpacker,skill,malware_analysis_and_reverse_engineering,upx-unpacker,malware,,analyzing
analyzing-pdf-malware-with-pdfid,skill,malware_analysis_and_reverse_engineering,pdfid,malware,,analyzing
analyzing-persistence-mechanisms-in-linux,skill,digital_forensics_and_incident_response,,persistence-mechanisms-in-linux,,analyzing
analyzing-powershell-empire-artifacts,skill,digital_forensics_and_incident_response,,powershell-empire-artifacts,,analyzing
analyzing-powershell-script-block-logging,skill,detection_engineering_and_threat_hunting,,powershell-script-block-logging,,analyzing
analyzing-prefetch-files-for-execution-history,skill,digital_forensics_and_incident_response,,prefetch,,analyzing
analyzing-ransomware-encryption-mechanisms,skill,malware_analysis_and_reverse_engineering,,ransomware-encryption,,analyzing
analyzing-ransomware-leak-site-intelligence,skill,threat_intelligence,,ransomware-leak-site,,analyzing
analyzing-ransomware-network-indicators,skill,threat_intelligence,,ransomware-network-indicators,,analyzing
analyzing-ransomware-payment-wallets,skill,threat_intelligence,,ransomware-payment-wallets,,analyzing
analyzing-sbom-for-supply-chain-vulnerabilities,skill,supply_chain_and_devsecops,,sbom,,analyzing
analyzing-security-logs-with-splunk,skill,detection_engineering_and_threat_hunting,splunk,splunk,,analyzing
analyzing-slack-space-and-file-system-artifacts,skill,digital_forensics_and_incident_response,,slack-space,,analyzing
analyzing-supply-chain-malware-artifacts,skill,malware_analysis_and_reverse_engineering,,malware,,analyzing
analyzing-threat-actor-ttps-with-mitre-attack,skill,threat_intelligence,mitre-attack,threat-actor,,analyzing
analyzing-threat-actor-ttps-with-mitre-navigator,skill,threat_intelligence,mitre-navigator,threat-actor,,analyzing
analyzing-threat-intelligence-feeds,skill,threat_intelligence,,threat-intelligence,,analyzing
analyzing-threat-landscape-with-misp,skill,threat_intelligence,misp,misp,,analyzing
analyzing-tls-certificate-transparency-logs,skill,network_security_and_perimeter,,certificate-transparency,,analyzing
analyzing-typosquatting-domains-with-dnstwist,skill,supply_chain_and_devsecops,dnstwist,typosquatting,,analyzing
analyzing-uefi-bootkit-persistence,skill,malware_analysis_and_reverse_engineering,,bootkit,,analyzing
analyzing-usb-device-connection-history,skill,digital_forensics_and_incident_response,,usb-device-connection,,analyzing
analyzing-web-server-logs-for-intrusion,skill,detection_engineering_and_threat_hunting,,web-server-logs-for-intrusion,,analyzing
analyzing-windows-amcache-artifacts,skill,digital_forensics_and_incident_response,,amcache,,analyzing
analyzing-windows-event-logs-in-splunk,skill,detection_engineering_and_threat_hunting,,splunk,,analyzing
analyzing-windows-lnk-files-for-artifacts,skill,digital_forensics_and_incident_response,,lnk-file,,analyzing
analyzing-windows-prefetch-with-python,skill,digital_forensics_and_incident_response,python,prefetch,,analyzing
analyzing-windows-registry-for-artifacts,skill,digital_forensics_and_incident_response,,windows-registry-for-artifacts,,analyzing
analyzing-windows-shellbag-artifacts,skill,digital_forensics_and_incident_response,,shellbag,,analyzing
assessing-vector-and-embedding-weaknesses,skill,ai_and_llm_security,,vector-and-embedding,,
attacking-entra-id-with-roadtools,skill,active_directory_and_identity_attacks,roadtools,entra-id,,
attacking-oauth-with-device-code-phishing,skill,active_directory_and_identity_attacks,device-code-phishing,oauth-with-device-code-phishing,email_and_social_engineering_security,
auditing-aws-s3-bucket-permissions,skill,cloud_security,,aws,,auditing
auditing-azure-active-directory-configuration,skill,active_directory_and_identity_attacks,,active-directory,cloud_security,auditing
auditing-cloud-with-cis-benchmarks,skill,cloud_security,cis-benchmarks,cloud-with-cis-benchmarks,compliance_and_grc,auditing
auditing-entra-id-with-aadinternals,skill,active_directory_and_identity_attacks,aadinternals,entra-id,,auditing
auditing-foundry-smart-contract-security,skill,web3_and_smart_contract_security,,smart-contract,,auditing
auditing-gcp-iam-permissions,skill,cloud_security,,gcp,,auditing
auditing-kubernetes-cluster-rbac,skill,container_and_kubernetes_security,,kubernetes,,auditing
auditing-kubernetes-rbac-privilege-escalation,skill,container_and_kubernetes_security,,kubernetes,,auditing
auditing-mcp-servers-for-tool-poisoning,skill,ai_and_llm_security,,mcp-servers,,auditing
auditing-terraform-infrastructure-for-security,skill,supply_chain_and_devsecops,,terraform-infrastructure,,auditing
auditing-tls-certificate-transparency-logs,skill,network_security_and_perimeter,,certificate-transparency,,auditing
auditing-uefi-firmware-with-chipsec,skill,malware_analysis_and_reverse_engineering,chipsec,uefi-firmware,,auditing
automating-ioc-enrichment,skill,threat_intelligence,,ioc,,automating
bash,domain,bash,,,,
benchmarking-kubernetes-with-kube-bench,skill,container_and_kubernetes_security,kube-bench,kubernetes,,
building-adversary-infrastructure-tracking-system,skill,offensive_security_and_red_teaming,,adversary-infrastructure,,building
building-attack-pattern-library-from-cti-reports,skill,threat_intelligence,,attack-pattern-library-from-cti,,building
building-automated-malware-submission-pipeline,skill,malware_analysis_and_reverse_engineering,,malware,,building
building-c2-infrastructure-with-sliver-framework,skill,offensive_security_and_red_teaming,sliver-framework,c2,,building
building-c2-redirector-infrastructure,skill,offensive_security_and_red_teaming,,c2,,building
building-cloud-siem-with-sentinel,skill,detection_engineering_and_threat_hunting,sentinel,siem,cloud_security,building
building-detection-rule-with-splunk-spl,skill,detection_engineering_and_threat_hunting,splunk-spl,splunk,,building
building-detection-rules-with-sigma,skill,detection_engineering_and_threat_hunting,sigma,sigma,,building
building-devsecops-pipeline-with-gitlab-ci,skill,supply_chain_and_devsecops,gitlab-ci,devsecops,,building
building-identity-federation-with-saml-azure-ad,skill,cloud_security,saml-azure-ad,azure,identity_and_access_management,building
building-identity-governance-lifecycle-process,skill,identity_and_access_management,,identity-governance,,building
building-incident-response-dashboard,skill,incident_response_and_soc_operations,,incident-response,,building
building-incident-response-playbook,skill,incident_response_and_soc_operations,,incident-response,,building
building-incident-timeline-with-timesketch,skill,digital_forensics_and_incident_response,timesketch,timesketch,,building
building-ioc-defanging-and-sharing-pipeline,skill,threat_intelligence,,ioc,,building
building-ioc-enrichment-pipeline-with-opencti,skill,threat_intelligence,opencti,opencti,,building
building-malware-incident-communication-template,skill,malware_analysis_and_reverse_engineering,,malware,incident_response_and_soc_operations,building
building-patch-tuesday-response-process,skill,incident_response_and_soc_operations,,patch-tuesday-response,,building
building-phishing-reporting-button-workflow,skill,email_and_social_engineering_security,,phishing,incident_response_and_soc_operations,building
building-ransomware-playbook-with-cisa-framework,skill,incident_response_and_soc_operations,cisa-framework,ransomware-playbook,,building
building-red-team-c2-infrastructure-with-havoc,skill,offensive_security_and_red_teaming,havoc,c2,,building
building-role-mining-for-rbac-optimization,skill,identity_and_access_management,,role-mining,,building
building-soc-escalation-matrix,skill,incident_response_and_soc_operations,,soc-escalation,,building
building-soc-metrics-and-kpi-tracking,skill,incident_response_and_soc_operations,,soc-metrics,,building
building-soc-playbook-for-ransomware,skill,incident_response_and_soc_operations,,soc-playbook,,building
building-super-timelines-with-plaso,skill,digital_forensics_and_incident_response,plaso,plaso,,building
building-threat-actor-profile-from-osint,skill,threat_intelligence,,threat-actor,,building
building-threat-feed-aggregation-with-misp,skill,threat_intelligence,misp,misp,,building
building-threat-hunt-hypothesis-framework,skill,threat_intelligence,,threat-hunt-hypothesis,,building
building-threat-intelligence-enrichment-in-splunk,skill,detection_engineering_and_threat_hunting,,splunk,threat_intelligence,building
building-threat-intelligence-feed-integration,skill,threat_intelligence,,threat-intelligence,,building
building-threat-intelligence-platform,skill,threat_intelligence,,threat-intelligence,,building
building-vulnerability-aging-and-sla-tracking,skill,vulnerability_management,,vulnerability-aging,,building
building-vulnerability-dashboard-with-defectdojo,skill,vulnerability_management,defectdojo,defectdojo,,building
building-vulnerability-exception-tracking-system,skill,vulnerability_management,,vulnerability-exception,,building
building-vulnerability-scanning-workflow,skill,vulnerability_management,,vulnerability-scanning,,building
bypassing-authentication-with-forced-browsing,skill,network_security_and_perimeter,forced-browsing,forced-browsing,,bypassing
coercing-authentication-with-coercer-petitpotam,skill,active_directory_and_identity_attacks,coercer-petitpotam,coercer-petitpotam,,
collecting-indicators-of-compromise,skill,threat_intelligence,,indicators-of-compromise,,collecting
collecting-open-source-intelligence,skill,threat_intelligence,,open-source-intelligence,,collecting
collecting-threat-intelligence-with-misp,skill,threat_intelligence,misp,misp,,collecting
collecting-volatile-evidence-from-compromised-host,skill,digital_forensics_and_incident_response,,collecting-volatile-evidence,,collecting
conducting-api-security-testing,skill,application_and_api_security,,api-security,,conducting
conducting-cloud-incident-response,skill,cloud_security,,cloud-incident,incident_response_and_soc_operations,conducting
conducting-cloud-penetration-testing,skill,cloud_security,,cloud-penetration,offensive_security_and_red_teaming,conducting
conducting-cyber-risk-assessment-with-nist-800-30,skill,compliance_and_grc,nist-800-30,nist-800-30,,conducting
conducting-domain-persistence-with-dcsync,skill,active_directory_and_identity_attacks,dcsync,dcsync,,conducting
conducting-external-reconnaissance-with-osint,skill,threat_intelligence,osint,osint,,conducting
conducting-full-scope-red-team-engagement,skill,offensive_security_and_red_teaming,,red-team,,conducting
conducting-internal-network-penetration-test,skill,offensive_security_and_red_teaming,,penetration-test,,conducting
conducting-internal-reconnaissance-with-bloodhound-ce,skill,active_directory_and_identity_attacks,bloodhound-ce,bloodhound,,conducting
conducting-malware-incident-response,skill,malware_analysis_and_reverse_engineering,,malware,incident_response_and_soc_operations,conducting
conducting-man-in-the-middle-attack-simulation,skill,network_security_and_perimeter,,man-in-the-middle,offensive_security_and_red_teaming,conducting
conducting-memory-forensics-with-volatility,skill,digital_forensics_and_incident_response,volatility,volatility,,conducting
conducting-mobile-app-penetration-test,skill,mobile_security,,mobile-app,offensive_security_and_red_teaming,conducting
conducting-network-penetration-test,skill,offensive_security_and_red_teaming,,penetration-test,,conducting
conducting-pass-the-ticket-attack,skill,active_directory_and_identity_attacks,,pass-the-ticket,,conducting
conducting-phishing-incident-response,skill,email_and_social_engineering_security,,phishing,incident_response_and_soc_operations,conducting
conducting-post-incident-lessons-learned,skill,incident_response_and_soc_operations,,post-incident-lessons-learned,,conducting
conducting-social-engineering-penetration-test,skill,email_and_social_engineering_security,,social-engineering,offensive_security_and_red_teaming,conducting
conducting-social-engineering-pretext-call,skill,email_and_social_engineering_security,,social-engineering,,conducting
conducting-spearphishing-simulation-campaign,skill,email_and_social_engineering_security,,phishing,,conducting
conducting-wireless-network-penetration-test,skill,network_security_and_perimeter,,wireless-network,offensive_security_and_red_teaming,conducting
configuring-active-directory-tiered-model,skill,active_directory_and_identity_attacks,,active-directory,,configuring
configuring-aws-verified-access-for-ztna,skill,cloud_security,,aws,zero_trust_and_secure_access,configuring
configuring-certificate-authority-with-openssl,skill,cryptography_and_pki,openssl,openssl,,configuring
configuring-host-based-intrusion-detection,skill,network_security_and_perimeter,,host-based-intrusion,,configuring
configuring-hsm-for-key-storage,skill,cryptography_and_pki,,hsm-for,,configuring
configuring-identity-aware-proxy-with-google-iap,skill,zero_trust_and_secure_access,google-iap,identity-aware-proxy,,configuring
configuring-ldap-security-hardening,skill,active_directory_and_identity_attacks,,ldap-security,,configuring
configuring-microsegmentation-for-zero-trust,skill,zero_trust_and_secure_access,,zero-trust,,configuring
configuring-multi-factor-authentication-with-duo,skill,identity_and_access_management,duo,multi-factor-authentication,,configuring
configuring-network-segmentation-with-vlans,skill,network_security_and_perimeter,vlans,network-segmentation,,configuring
configuring-oauth2-authorization-flow,skill,application_and_api_security,,oauth2,,configuring
configuring-pfsense-firewall-rules,skill,network_security_and_perimeter,,pfsense,,configuring
configuring-snort-ids-for-intrusion-detection,skill,network_security_and_perimeter,,snort,,configuring
configuring-suricata-for-network-monitoring,skill,network_security_and_perimeter,,suricata,,configuring
configuring-tls-1-3-for-secure-communications,skill,network_security_and_perimeter,,tls-1-3,,configuring
configuring-windows-defender-advanced-settings,skill,endpoint_security_and_hardening,,windows-defender,,configuring
configuring-windows-event-logging-for-detection,skill,endpoint_security_and_hardening,,windows-event-logging-for-detection,,configuring
configuring-zscaler-private-access-for-ztna,skill,zero_trust_and_secure_access,,ztna,,configuring
containing-active-breach,skill,incident_response_and_soc_operations,,containing-active-breach,,containing
continuous-llm-red-teaming-with-promptfoo,skill,ai_and_llm_security,promptfoo,llm,offensive_security_and_red_teaming,
correlating-security-events-in-qradar,skill,detection_engineering_and_threat_hunting,,qradar,,correlating
correlating-threat-campaigns,skill,detection_engineering_and_threat_hunting,,correlating-threat-campaigns,,correlating
defending-llms-with-guardrails,skill,ai_and_llm_security,guardrails,llm,,defending
delegate-router,infra_or_meta_needs_triage,,,,,
delegation-gate,infra_or_meta_needs_triage,,,,,
deobfuscating-javascript-malware,skill,malware_analysis_and_reverse_engineering,,malware,,deobfuscating
deobfuscating-powershell-obfuscated-malware,skill,malware_analysis_and_reverse_engineering,,malware,,deobfuscating
deploying-active-directory-honeytokens,skill,deception_technology,,honeytoken,active_directory_and_identity_attacks,deploying
deploying-cloud-deception-with-decoy-resources,skill,deception_technology,decoy-resources,decoy,,deploying
deploying-cloudflare-access-for-zero-trust,skill,cloud_security,,cloudflare,zero_trust_and_secure_access,deploying
deploying-decoy-files-for-ransomware-detection,skill,deception_technology,,decoy,,deploying
deploying-edr-agent-with-crowdstrike,skill,endpoint_security_and_hardening,crowdstrike,edr-agent,,deploying
deploying-honeytokens-and-canarytokens,skill,deception_technology,,honeytoken,,deploying
deploying-osquery-for-endpoint-monitoring,skill,endpoint_security_and_hardening,,osquery,,deploying
deploying-palo-alto-prisma-access-zero-trust,skill,zero_trust_and_secure_access,,zero-trust,,deploying
deploying-ransomware-canary-files,skill,incident_response_and_soc_operations,,ransomware-canary,,deploying
deploying-software-defined-perimeter,skill,zero_trust_and_secure_access,,software-defined-perimeter,,deploying
deploying-tailscale-for-zero-trust-vpn,skill,zero_trust_and_secure_access,,zero-trust,,deploying
designing-adversary-engagement-with-mitre-engage,skill,threat_intelligence,mitre-engage,mitre-engage,offensive_security_and_red_teaming,
detecting-ai-model-prompt-injection-attacks,skill,ai_and_llm_security,,prompt-injection,,detecting
detecting-anomalies-in-industrial-control-systems,skill,ot_ics_scada_security,,industrial-control-systems,,detecting
detecting-anomalous-authentication-patterns,skill,detection_engineering_and_threat_hunting,,fallback-verb,,detecting
detecting-api-enumeration-attacks,skill,detection_engineering_and_threat_hunting,,fallback-verb,,detecting
detecting-arp-poisoning-in-network-traffic,skill,network_security_and_perimeter,,arp-poisoning,,detecting
detecting-attacks-on-historian-servers,skill,ot_ics_scada_security,,historian,,detecting
detecting-attacks-on-scada-systems,skill,ot_ics_scada_security,,scada,,detecting
detecting-aws-cloudtrail-anomalies,skill,cloud_security,,aws,,detecting
detecting-aws-credential-exposure-with-trufflehog,skill,cloud_security,trufflehog,aws,,detecting
detecting-aws-guardduty-findings-automation,skill,cloud_security,,aws,,detecting
detecting-aws-iam-privilege-escalation,skill,cloud_security,,aws,,detecting
detecting-azure-lateral-movement,skill,active_directory_and_identity_attacks,,lateral-movement,cloud_security,detecting
detecting-azure-service-principal-abuse,skill,cloud_security,,azure,,detecting
detecting-azure-storage-account-misconfigurations,skill,cloud_security,,azure,,detecting
detecting-beaconing-patterns-with-zeek,skill,detection_engineering_and_threat_hunting,zeek,zeek,,detecting
detecting-bluetooth-low-energy-attacks,skill,network_security_and_perimeter,,bluetooth,,detecting
detecting-broken-object-property-level-authorization,skill,application_and_api_security,,broken-object,,detecting
detecting-business-email-compromise,skill,detection_engineering_and_threat_hunting,,fallback-verb,,detecting
detecting-business-email-compromise-with-ai,skill,ai_and_llm_security,ai,business-email-compromise-with-ai,,detecting
detecting-cloud-threats-with-guardduty,skill,cloud_security,guardduty,guardduty,,detecting
detecting-command-and-control-over-dns,skill,detection_engineering_and_threat_hunting,,fallback-verb,,detecting
detecting-compromised-cloud-credentials,skill,detection_engineering_and_threat_hunting,,fallback-verb,,detecting
detecting-container-drift-at-runtime,skill,container_and_kubernetes_security,,container,,detecting
detecting-container-escape-attempts,skill,container_and_kubernetes_security,,container,,detecting
detecting-container-escape-with-falco-rules,skill,container_and_kubernetes_security,falco-rules,falco,,detecting
detecting-container-runtime-threats-with-falco,skill,container_and_kubernetes_security,falco,falco,,detecting
detecting-credential-dumping-techniques,skill,detection_engineering_and_threat_hunting,,fallback-verb,,detecting
detecting-cryptomining-in-cloud,skill,detection_engineering_and_threat_hunting,,fallback-verb,,detecting
detecting-data-and-model-poisoning,skill,ai_and_llm_security,,data-and-model-poisoning,,detecting
detecting-dcsync-attack-in-active-directory,skill,active_directory_and_identity_attacks,,active-directory,,detecting
detecting-deepfake-audio-in-vishing-attacks,skill,email_and_social_engineering_security,,vishing,,detecting
detecting-dependency-confusion,skill,supply_chain_and_devsecops,,dependency-confusion,,detecting
detecting-dll-sideloading-attacks,skill,detection_engineering_and_threat_hunting,,fallback-verb,,detecting
detecting-dnp3-protocol-anomalies,skill,ot_ics_scada_security,,dnp3,,detecting
detecting-dns-exfiltration-with-dns-query-analysis,skill,detection_engineering_and_threat_hunting,dns-query-analysis,fallback-verb,,detecting
detecting-email-account-compromise,skill,email_and_social_engineering_security,,email-account-compromise,,detecting
detecting-email-forwarding-rules-attack,skill,email_and_social_engineering_security,,email-forwarding-rules,,detecting
detecting-entra-offensive-tools-in-graph-logs,skill,active_directory_and_identity_attacks,,entra-offensive-tools,,detecting
detecting-evasion-techniques-in-endpoint-logs,skill,detection_engineering_and_threat_hunting,,fallback-verb,,detecting
detecting-exfiltration-over-dns-with-zeek,skill,detection_engineering_and_threat_hunting,zeek,zeek,,detecting
detecting-fileless-attacks-on-endpoints,skill,detection_engineering_and_threat_hunting,,fallback-verb,,detecting
detecting-fileless-malware-techniques,skill,malware_analysis_and_reverse_engineering,,malware,,detecting
detecting-golden-ticket-attacks-in-kerberos-logs,skill,active_directory_and_identity_attacks,,golden-ticket,,detecting
detecting-golden-ticket-forgery,skill,active_directory_and_identity_attacks,,golden-ticket,,detecting
detecting-indirect-prompt-injection,skill,ai_and_llm_security,,prompt-injection,,detecting
detecting-insider-data-exfiltration-via-dlp,skill,detection_engineering_and_threat_hunting,,fallback-verb,,detecting
detecting-insider-threat-behaviors,skill,detection_engineering_and_threat_hunting,,fallback-verb,,detecting
detecting-insider-threat-with-ueba,skill,detection_engineering_and_threat_hunting,ueba,ueba,,detecting
detecting-kerberoasting-attacks,skill,active_directory_and_identity_attacks,,kerberoast,,detecting
detecting-lateral-movement-in-network,skill,active_directory_and_identity_attacks,,lateral-movement,,detecting
detecting-lateral-movement-with-splunk,skill,detection_engineering_and_threat_hunting,splunk,splunk,active_directory_and_identity_attacks,detecting
detecting-lateral-movement-with-zeek,skill,detection_engineering_and_threat_hunting,zeek,zeek,active_directory_and_identity_attacks,detecting
detecting-living-off-the-land-attacks,skill,detection_engineering_and_threat_hunting,,fallback-verb,,detecting
detecting-living-off-the-land-with-lolbas,skill,detection_engineering_and_threat_hunting,lolbas,fallback-verb,,detecting
detecting-malicious-npm-packages,skill,supply_chain_and_devsecops,,npm,,detecting
detecting-malicious-scheduled-tasks-with-sysmon,skill,detection_engineering_and_threat_hunting,sysmon,sysmon,,detecting
detecting-mimikatz-execution-patterns,skill,active_directory_and_identity_attacks,,mimikatz,,detecting
detecting-misconfigured-azure-storage,skill,cloud_security,,azure,,detecting
detecting-mobile-malware-behavior,skill,mobile_security,,mobile-malware,malware_analysis_and_reverse_engineering,detecting
detecting-modbus-command-injection-attacks,skill,ot_ics_scada_security,,modbus,,detecting
detecting-modbus-protocol-anomalies,skill,ot_ics_scada_security,,modbus,,detecting
detecting-model-extraction-attacks,skill,ai_and_llm_security,,model-extraction,,detecting
detecting-network-anomalies-with-zeek,skill,detection_engineering_and_threat_hunting,zeek,zeek,,detecting
detecting-network-scanning-with-ids-signatures,skill,network_security_and_perimeter,ids-signatures,ids-signatures,,detecting
detecting-ntlm-relay-with-event-correlation,skill,active_directory_and_identity_attacks,event-correlation,ntlm-relay,,detecting
detecting-oauth-token-theft,skill,detection_engineering_and_threat_hunting,,fallback-verb,,detecting
detecting-pass-the-hash-attacks,skill,active_directory_and_identity_attacks,,pass-the-hash,,detecting
detecting-pass-the-ticket-attacks,skill,active_directory_and_identity_attacks,,pass-the-ticket,,detecting
detecting-port-scanning-with-fail2ban,skill,network_security_and_perimeter,fail2ban,fail2ban,,detecting
detecting-privilege-escalation-attempts,skill,detection_engineering_and_threat_hunting,,fallback-verb,,detecting
detecting-privilege-escalation-in-kubernetes-pods,skill,container_and_kubernetes_security,,kubernetes,,detecting
detecting-process-hollowing-technique,skill,detection_engineering_and_threat_hunting,,fallback-verb,,detecting
detecting-process-injection-techniques,skill,detection_engineering_and_threat_hunting,,fallback-verb,,detecting
detecting-qr-code-phishing-with-email-security,skill,email_and_social_engineering_security,email-security,phishing,,detecting
detecting-ransomware-encryption-behavior,skill,malware_analysis_and_reverse_engineering,,ransomware-encryption,,detecting
detecting-ransomware-precursors-in-network,skill,detection_engineering_and_threat_hunting,,fallback-verb,,detecting
detecting-rdp-brute-force-attacks,skill,detection_engineering_and_threat_hunting,,fallback-verb,,detecting
detecting-rootkit-activity,skill,malware_analysis_and_reverse_engineering,,rootkit,,detecting
detecting-s3-data-exfiltration-attempts,skill,cloud_security,,s3,,detecting
detecting-secure-boot-bypass,skill,detection_engineering_and_threat_hunting,,fallback-verb,,detecting
detecting-serverless-function-injection,skill,cloud_security,,serverless,,detecting
detecting-service-account-abuse,skill,identity_and_access_management,,service-account,,detecting
detecting-shadow-api-endpoints,skill,detection_engineering_and_threat_hunting,,fallback-verb,,detecting
detecting-shadow-it-cloud-usage,skill,detection_engineering_and_threat_hunting,,fallback-verb,,detecting
detecting-spearphishing-with-email-gateway,skill,email_and_social_engineering_security,email-gateway,phishing,,detecting
detecting-sql-injection-via-waf-logs,skill,application_and_api_security,,sql-injection,,detecting
detecting-stuxnet-style-attacks,skill,detection_engineering_and_threat_hunting,,fallback-verb,,detecting
detecting-supply-chain-attacks-in-ci-cd,skill,detection_engineering_and_threat_hunting,,fallback-verb,,detecting
detecting-suspicious-oauth-application-consent,skill,detection_engineering_and_threat_hunting,,fallback-verb,,detecting
detecting-suspicious-powershell-execution,skill,detection_engineering_and_threat_hunting,,fallback-verb,,detecting
detecting-t1003-credential-dumping-with-edr,skill,detection_engineering_and_threat_hunting,edr,fallback-verb,,detecting
detecting-t1055-process-injection-with-sysmon,skill,detection_engineering_and_threat_hunting,sysmon,sysmon,,detecting
detecting-t1548-abuse-elevation-control-mechanism,skill,detection_engineering_and_threat_hunting,,fallback-verb,,detecting
detecting-typosquatting-packages,skill,supply_chain_and_devsecops,,typosquatting,,detecting
detecting-typosquatting-packages-in-npm-pypi,skill,supply_chain_and_devsecops,,typosquatting,,detecting
detecting-wmi-persistence,skill,active_directory_and_identity_attacks,,wmi-persistence,,detecting
docker,domain,docker,,,,
emulating-cloud-attacks-with-stratus-red-team,skill,cloud_security,stratus-red-team,stratus-red-team,offensive_security_and_red_teaming,
enumerating-cloud-with-cloudfox,skill,cloud_security,cloudfox,cloudfox,,enumerating
eradicating-malware-from-infected-systems,skill,malware_analysis_and_reverse_engineering,,malware,incident_response_and_soc_operations,eradicating
escaping-containers-to-host,skill,container_and_kubernetes_security,,container,,
evaluating-threat-intelligence-platforms,skill,threat_intelligence,,threat-intelligence,,
executing-active-directory-attack-simulation,skill,active_directory_and_identity_attacks,,active-directory,offensive_security_and_red_teaming,executing
executing-nist-rmf-authorization-to-operate,skill,compliance_and_grc,,nist-rmf,,executing
executing-phishing-simulation-campaign,skill,email_and_social_engineering_security,,phishing,,executing
executing-red-team-engagement-planning,skill,offensive_security_and_red_teaming,,red-team,,executing
executing-red-team-exercise,skill,offensive_security_and_red_teaming,,red-team,,executing
exploiting-active-directory-certificate-services-esc1,skill,active_directory_and_identity_attacks,,active-directory,,exploiting
exploiting-active-directory-with-bloodhound,skill,active_directory_and_identity_attacks,bloodhound,active-directory,,exploiting
exploiting-adcs-with-certipy,skill,active_directory_and_identity_attacks,certipy,adcs,,exploiting
exploiting-api-injection-vulnerabilities,skill,application_and_api_security,,api-injection,,exploiting
exploiting-aws-with-pacu,skill,cloud_security,pacu,aws,,exploiting
exploiting-bgp-hijacking-vulnerabilities,skill,network_security_and_perimeter,,bgp-hijacking,,exploiting
exploiting-broken-function-level-authorization,skill,application_and_api_security,,broken-function-level,,exploiting
exploiting-broken-link-hijacking,skill,application_and_api_security,,broken-link-hijacking,,exploiting
exploiting-constrained-delegation-abuse,skill,active_directory_and_identity_attacks,,constrained-delegation-abuse,,exploiting
exploiting-deeplink-vulnerabilities,skill,mobile_security,,deeplink,,exploiting
exploiting-excessive-data-exposure-in-api,skill,application_and_api_security,,excessive-data-exposure,,exploiting
exploiting-http-request-smuggling,skill,application_and_api_security,,http-request-smuggling,,exploiting
exploiting-idor-vulnerabilities,skill,application_and_api_security,,idor,,exploiting
exploiting-insecure-data-storage-in-mobile,skill,mobile_security,,insecure-data-storage-in-mobile,,exploiting
exploiting-insecure-deserialization,skill,application_and_api_security,,deserialization,,exploiting
exploiting-ipv6-vulnerabilities,skill,network_security_and_perimeter,,ipv6-vulnerabilities,,exploiting
exploiting-jwt-algorithm-confusion-attack,skill,application_and_api_security,,jwt,,exploiting
exploiting-kerberoasting-with-impacket,skill,active_directory_and_identity_attacks,impacket,kerberoast,,exploiting
exploiting-mass-assignment-in-rest-apis,skill,application_and_api_security,,mass-assignment,,exploiting
exploiting-ms17-010-eternalblue-vulnerability,skill,network_security_and_perimeter,,eternalblue,,exploiting
exploiting-nopac-cve-2021-42278-42287,skill,active_directory_and_identity_attacks,,nopac,,exploiting
exploiting-nosql-injection-vulnerabilities,skill,application_and_api_security,,sql-injection,,exploiting
exploiting-oauth-misconfiguration,skill,application_and_api_security,,oauth-misconfiguration,,exploiting
exploiting-prototype-pollution-in-javascript,skill,application_and_api_security,,prototype-pollution,,exploiting
exploiting-race-condition-vulnerabilities,skill,application_and_api_security,,race-condition,,exploiting
exploiting-server-side-request-forgery,skill,application_and_api_security,,ssrf,,exploiting
exploiting-smb-vulnerabilities-with-metasploit,skill,offensive_security_and_red_teaming,metasploit,metasploit,,exploiting
exploiting-sql-injection-vulnerabilities,skill,application_and_api_security,,sql-injection,,exploiting
exploiting-sql-injection-with-sqlmap,skill,application_and_api_security,sqlmap,sql-injection,,exploiting
exploiting-template-injection-vulnerabilities,skill,application_and_api_security,,template-injection,,exploiting
exploiting-type-juggling-vulnerabilities,skill,application_and_api_security,,type-juggling,,exploiting
exploiting-vulnerabilities-with-metasploit-framework,skill,offensive_security_and_red_teaming,metasploit-framework,metasploit,,exploiting
exploiting-websocket-vulnerabilities,skill,application_and_api_security,,websocket,,exploiting
exploiting-zerologon-vulnerability-cve-2020-1472,skill,active_directory_and_identity_attacks,,zerologon,,exploiting
extracting-browser-history-artifacts,skill,digital_forensics_and_incident_response,,browser-history,,extracting
extracting-config-from-agent-tesla-rat,skill,malware_analysis_and_reverse_engineering,,agent-tesla,,extracting
extracting-credentials-from-memory-dump,skill,digital_forensics_and_incident_response,,memory-dump,,extracting
extracting-iocs-from-malware-samples,skill,malware_analysis_and_reverse_engineering,,malware,,extracting
extracting-memory-artifacts-with-rekall,skill,digital_forensics_and_incident_response,rekall,memory-artifacts,,extracting
extracting-windows-event-logs-artifacts,skill,digital_forensics_and_incident_response,,windows-event-logs-artifacts,,extracting
fleet-hunting-with-velociraptor,skill,digital_forensics_and_incident_response,velociraptor,velociraptor,,
generating-and-analyzing-sboms,skill,supply_chain_and_devsecops,,sbom,,generating
generating-forensic-timelines-with-hayabusa,skill,digital_forensics_and_incident_response,hayabusa,hayabusa,,generating
generating-threat-intelligence-reports,skill,threat_intelligence,,threat-intelligence,,generating
git,domain,git,,,,
hardening-docker-containers-for-production,skill,container_and_kubernetes_security,,docker,,hardening
hardening-docker-daemon-configuration,skill,container_and_kubernetes_security,,docker,,hardening
hardening-linux-endpoint-with-cis-benchmark,skill,compliance_and_grc,cis-benchmark,cis-benchmark,,hardening
hardening-windows-endpoint-with-cis-benchmark,skill,compliance_and_grc,cis-benchmark,cis-benchmark,,hardening
hunting-advanced-persistent-threats,skill,detection_engineering_and_threat_hunting,,fallback-verb,,hunting
hunting-bootkits-in-efi-system-partition,skill,malware_analysis_and_reverse_engineering,,bootkit,,hunting
hunting-credential-stuffing-attacks,skill,detection_engineering_and_threat_hunting,,fallback-verb,,hunting
hunting-evtx-with-chainsaw,skill,digital_forensics_and_incident_response,chainsaw,chainsaw,,hunting
hunting-for-anomalous-powershell-execution,skill,detection_engineering_and_threat_hunting,,fallback-verb,,hunting
hunting-for-beaconing-with-frequency-analysis,skill,detection_engineering_and_threat_hunting,frequency-analysis,fallback-verb,,hunting
hunting-for-cobalt-strike-beacons,skill,malware_analysis_and_reverse_engineering,,cobalt-strike-beacon,,hunting
hunting-for-command-and-control-beaconing,skill,detection_engineering_and_threat_hunting,,fallback-verb,,hunting
hunting-for-data-exfiltration-indicators,skill,detection_engineering_and_threat_hunting,,fallback-verb,,hunting
hunting-for-data-staging-before-exfiltration,skill,detection_engineering_and_threat_hunting,,fallback-verb,,hunting
hunting-for-dcom-lateral-movement,skill,active_directory_and_identity_attacks,,lateral-movement,,hunting
hunting-for-dcsync-attacks,skill,active_directory_and_identity_attacks,,dcsync,,hunting
hunting-for-defense-evasion-via-timestomping,skill,detection_engineering_and_threat_hunting,,fallback-verb,,hunting
hunting-for-dns-based-persistence,skill,detection_engineering_and_threat_hunting,,fallback-verb,,hunting
hunting-for-dns-tunneling-with-zeek,skill,detection_engineering_and_threat_hunting,zeek,zeek,,hunting
hunting-for-domain-fronting-c2-traffic,skill,offensive_security_and_red_teaming,,c2,,hunting
hunting-for-lateral-movement-via-wmi,skill,active_directory_and_identity_attacks,,lateral-movement,,hunting
hunting-for-living-off-the-cloud-techniques,skill,detection_engineering_and_threat_hunting,,fallback-verb,,hunting
hunting-for-living-off-the-land-binaries,skill,detection_engineering_and_threat_hunting,,fallback-verb,,hunting
hunting-for-lolbins-execution-in-endpoint-logs,skill,detection_engineering_and_threat_hunting,,fallback-verb,,hunting
hunting-for-ntlm-relay-attacks,skill,active_directory_and_identity_attacks,,ntlm-relay,,hunting
hunting-for-persistence-mechanisms-in-windows,skill,detection_engineering_and_threat_hunting,,fallback-verb,,hunting
hunting-for-persistence-via-wmi-subscriptions,skill,active_directory_and_identity_attacks,,wmi-subscriptions,,hunting
hunting-for-process-injection-techniques,skill,detection_engineering_and_threat_hunting,,fallback-verb,,hunting
hunting-for-registry-persistence-mechanisms,skill,detection_engineering_and_threat_hunting,,fallback-verb,,hunting
hunting-for-registry-run-key-persistence,skill,detection_engineering_and_threat_hunting,,fallback-verb,,hunting
hunting-for-scheduled-task-persistence,skill,detection_engineering_and_threat_hunting,,fallback-verb,,hunting
hunting-for-shadow-copy-deletion,skill,detection_engineering_and_threat_hunting,,fallback-verb,,hunting
hunting-for-spearphishing-indicators,skill,email_and_social_engineering_security,,phishing,,hunting
hunting-for-startup-folder-persistence,skill,detection_engineering_and_threat_hunting,,fallback-verb,,hunting
hunting-for-supply-chain-compromise,skill,detection_engineering_and_threat_hunting,,fallback-verb,,hunting
hunting-for-suspicious-scheduled-tasks,skill,detection_engineering_and_threat_hunting,,fallback-verb,,hunting
hunting-for-t1098-account-manipulation,skill,active_directory_and_identity_attacks,,account-manipulation,,hunting
hunting-for-unusual-network-connections,skill,detection_engineering_and_threat_hunting,,fallback-verb,,hunting
hunting-for-unusual-service-installations,skill,detection_engineering_and_threat_hunting,,fallback-verb,,hunting
hunting-for-webshell-activity,skill,detection_engineering_and_threat_hunting,,fallback-verb,,hunting
hunting-saas-sso-token-abuse,skill,active_directory_and_identity_attacks,,saas-sso-token-abuse,,hunting
implementing-aes-encryption-for-data-at-rest,skill,cryptography_and_pki,,aes-encryption,,implementing
implementing-alert-fatigue-reduction,skill,detection_engineering_and_threat_hunting,,alert-fatigue,,implementing
implementing-anti-phishing-training-program,skill,email_and_social_engineering_security,,phishing,,implementing
implementing-anti-ransomware-group-policy,skill,endpoint_security_and_hardening,,anti-ransomware-group-policy,,implementing
implementing-api-abuse-detection-with-rate-limiting,skill,application_and_api_security,rate-limiting,api-abuse-detection,,implementing
implementing-api-gateway-security-controls,skill,application_and_api_security,,api-gateway,,implementing
implementing-api-key-security-controls,skill,application_and_api_security,,api-key,,implementing
implementing-api-rate-limiting-and-throttling,skill,application_and_api_security,,api-rate-limiting,,implementing
implementing-api-schema-validation-security,skill,application_and_api_security,,api-schema,,implementing
implementing-api-security-posture-management,skill,application_and_api_security,,api-security,,implementing
implementing-api-security-testing-with-42crunch,skill,application_and_api_security,42crunch,api-security,,implementing
implementing-api-threat-protection-with-apigee,skill,application_and_api_security,apigee,api-threat-protection,,implementing
implementing-application-whitelisting-with-applocker,skill,endpoint_security_and_hardening,applocker,application-whitelisting,,implementing
implementing-aqua-security-for-container-scanning,skill,container_and_kubernetes_security,,container,,implementing
implementing-attack-path-analysis-with-xm-cyber,skill,vulnerability_management,xm-cyber,attack-path-analysis,,implementing
implementing-attack-surface-management,skill,vulnerability_management,,attack-surface-management,,implementing
implementing-aws-config-rules-for-compliance,skill,cloud_security,,aws,compliance_and_grc,implementing
implementing-aws-iam-permission-boundaries,skill,cloud_security,,aws,,implementing
implementing-aws-macie-for-data-classification,skill,cloud_security,,aws,,implementing
implementing-aws-nitro-enclave-security,skill,cloud_security,,aws,,implementing
implementing-aws-security-hub,skill,cloud_security,,aws,,implementing
implementing-aws-security-hub-compliance,skill,cloud_security,,aws,compliance_and_grc,implementing
implementing-azure-ad-privileged-identity-management,skill,cloud_security,,azure,,implementing
implementing-azure-defender-for-cloud,skill,cloud_security,,azure,,implementing
implementing-beyondcorp-zero-trust-access-model,skill,zero_trust_and_secure_access,,zero-trust,,implementing
implementing-bgp-security-with-rpki,skill,network_security_and_perimeter,rpki,bgp-security,,implementing
implementing-browser-isolation-for-zero-trust,skill,zero_trust_and_secure_access,,zero-trust,,implementing
implementing-canary-tokens-for-network-intrusion,skill,deception_technology,,canarytoken,,implementing
implementing-cisa-zero-trust-maturity-model,skill,zero_trust_and_secure_access,,zero-trust,,implementing
implementing-cloud-dlp-for-data-protection,skill,cloud_security,,cloud-dlp,,implementing
implementing-cloud-security-posture-management,skill,cloud_security,,cloud-security,,implementing
implementing-cloud-trail-log-analysis,skill,cloud_security,,cloud-trail,,implementing
implementing-cloud-vulnerability-posture-management,skill,cloud_security,,cloud-vulnerability-posture,,implementing
implementing-cloud-waf-rules,skill,cloud_security,,cloud-waf,,implementing
implementing-cloud-workload-protection,skill,cloud_security,,cloud-workload,,implementing
implementing-code-signing-for-artifacts,skill,supply_chain_and_devsecops,,code-signing,,implementing
implementing-conditional-access-policies-azure-ad,skill,cloud_security,,azure,zero_trust_and_secure_access,implementing
implementing-conduit-security-for-ot-remote-access,skill,ot_ics_scada_security,,ot-remote-access,,implementing
implementing-container-image-minimal-base-with-distroless,skill,container_and_kubernetes_security,distroless,container,,implementing
implementing-container-network-policies-with-calico,skill,container_and_kubernetes_security,calico,calico,,implementing
implementing-continuous-security-validation-with-bas,skill,vulnerability_management,bas,continuous-security-validation,,implementing
implementing-data-loss-prevention-with-microsoft-purview,skill,cloud_security,microsoft-purview,data-loss-prevention-with-microsoft-purview,,implementing
implementing-ddos-mitigation-with-cloudflare,skill,cloud_security,cloudflare,cloudflare,,implementing
implementing-deception-based-detection-with-canarytoken,skill,deception_technology,canarytoken,canarytoken,,implementing
implementing-delinea-secret-server-for-pam,skill,identity_and_access_management,,delinea,,implementing
implementing-device-posture-assessment-in-zero-trust,skill,zero_trust_and_secure_access,,zero-trust,,implementing
implementing-devsecops-security-scanning,skill,supply_chain_and_devsecops,,devsecops,,implementing
implementing-diamond-model-analysis,skill,threat_intelligence,,diamond-model,,implementing
implementing-digital-signatures-with-ed25519,skill,cryptography_and_pki,ed25519,ed25519,,implementing
implementing-disk-encryption-with-bitlocker,skill,cryptography_and_pki,bitlocker,disk-encryption,,implementing
implementing-dmarc-dkim-spf-email-security,skill,email_and_social_engineering_security,,dmarc,,implementing
implementing-dragos-platform-for-ot-monitoring,skill,ot_ics_scada_security,,dragos,,implementing
implementing-ebpf-security-monitoring,skill,detection_engineering_and_threat_hunting,,security-monitoring,endpoint_security_and_hardening,implementing
implementing-email-sandboxing-with-proofpoint,skill,email_and_social_engineering_security,proofpoint,proofpoint,,implementing
implementing-end-to-end-encryption-for-messaging,skill,cryptography_and_pki,,end-to-end-encryption,,implementing
implementing-endpoint-detection-with-wazuh,skill,detection_engineering_and_threat_hunting,wazuh,wazuh,incident_response_and_soc_operations,implementing
implementing-endpoint-dlp-controls,skill,endpoint_security_and_hardening,,endpoint-dlp,,implementing
implementing-envelope-encryption-with-aws-kms,skill,cloud_security,aws-kms,aws,cryptography_and_pki,implementing
implementing-epss-score-for-vulnerability-prioritization,skill,vulnerability_management,,epss,,implementing
implementing-file-integrity-monitoring-with-aide,skill,endpoint_security_and_hardening,aide,file-integrity-monitoring,,implementing
implementing-fuzz-testing-in-cicd-with-aflplusplus,skill,supply_chain_and_devsecops,aflplusplus,fuzz-testing,,implementing
implementing-gcp-binary-authorization,skill,cloud_security,,gcp,,implementing
implementing-gcp-organization-policy-constraints,skill,cloud_security,,gcp,,implementing
implementing-gcp-vpc-firewall-rules,skill,cloud_security,,gcp,network_security_and_perimeter,implementing
implementing-gdpr-data-protection-controls,skill,compliance_and_grc,,gdpr,,implementing
implementing-gdpr-data-subject-access-request,skill,compliance_and_grc,,gdpr,,implementing
implementing-github-advanced-security-for-code-scanning,skill,supply_chain_and_devsecops,,github-advanced-security,,implementing
implementing-google-workspace-admin-security,skill,cloud_security,,google-workspace,,implementing
implementing-google-workspace-phishing-protection,skill,cloud_security,,google-workspace,email_and_social_engineering_security,implementing
implementing-google-workspace-sso-configuration,skill,cloud_security,,google-workspace,,implementing
implementing-hardware-security-key-authentication,skill,identity_and_access_management,,hardware-security-key,,implementing
implementing-hashicorp-vault-dynamic-secrets,skill,identity_and_access_management,,hashicorp-vault,,implementing
implementing-hipaa-security-rule-safeguards,skill,compliance_and_grc,,hipaa,,implementing
implementing-honeypot-for-ransomware-detection,skill,deception_technology,,honeypot,,implementing
implementing-honeytokens-for-breach-detection,skill,deception_technology,,honeytoken,,implementing
implementing-ics-firewall-with-tofino,skill,ot_ics_scada_security,tofino,tofino,network_security_and_perimeter,implementing
implementing-identity-governance-with-sailpoint,skill,identity_and_access_management,sailpoint,sailpoint,,implementing
implementing-identity-verification-for-zero-trust,skill,zero_trust_and_secure_access,,zero-trust,,implementing
implementing-iec-62443-security-zones,skill,compliance_and_grc,,iec-62443,,implementing
implementing-image-provenance-verification-with-cosign,skill,supply_chain_and_devsecops,cosign,image-provenance,,implementing
implementing-immutable-backup-with-restic,skill,endpoint_security_and_hardening,restic,immutable-backup,,implementing
implementing-infrastructure-as-code-security-scanning,skill,supply_chain_and_devsecops,,infrastructure-as-code-security,,implementing
implementing-iso-27001-information-security-management,skill,compliance_and_grc,,iso-27001,,implementing
implementing-just-in-time-access-provisioning,skill,identity_and_access_management,,just-in-time-access,,implementing
implementing-jwt-signing-and-verification,skill,application_and_api_security,,jwt,cryptography_and_pki,implementing
implementing-kubernetes-network-policy-with-calico,skill,container_and_kubernetes_security,calico,kubernetes,,implementing
implementing-kubernetes-pod-security-standards,skill,container_and_kubernetes_security,,kubernetes,,implementing
implementing-llm-guardrails-for-security,skill,ai_and_llm_security,,llm,,implementing
implementing-log-forwarding-with-fluentd,skill,detection_engineering_and_threat_hunting,fluentd,log-forwarding,,implementing
implementing-log-integrity-with-blockchain,skill,detection_engineering_and_threat_hunting,blockchain,log-integrity,,implementing
implementing-memory-protection-with-dep-aslr,skill,endpoint_security_and_hardening,dep-aslr,memory-protection-with-dep-aslr,,implementing
implementing-microsegmentation-with-guardicore,skill,zero_trust_and_secure_access,guardicore,microsegmentation,,implementing
implementing-mimecast-targeted-attack-protection,skill,email_and_social_engineering_security,,mimecast,,implementing
implementing-mitre-attack-coverage-mapping,skill,threat_intelligence,,mitre-attack-coverage,,implementing
implementing-mobile-application-management,skill,mobile_security,,mobile-app,,implementing
implementing-mtls-for-zero-trust-services,skill,zero_trust_and_secure_access,,zero-trust,,implementing
implementing-nerc-cip-compliance-controls,skill,compliance_and_grc,,nerc-cip,,implementing
implementing-network-access-control,skill,network_security_and_perimeter,,network-access-control,,implementing
implementing-network-access-control-with-cisco-ise,skill,network_security_and_perimeter,cisco-ise,network-access-control,zero_trust_and_secure_access,implementing
implementing-network-deception-with-honeypots,skill,deception_technology,honeypots,honeypot,,implementing
implementing-network-intrusion-prevention-with-suricata,skill,network_security_and_perimeter,suricata,suricata,,implementing
implementing-network-policies-for-kubernetes,skill,container_and_kubernetes_security,,kubernetes,,implementing
implementing-network-segmentation-for-ot,skill,network_security_and_perimeter,,network-segmentation,,implementing
implementing-network-segmentation-with-firewall-zones,skill,network_security_and_perimeter,firewall-zones,network-segmentation,,implementing
implementing-network-traffic-analysis-with-arkime,skill,detection_engineering_and_threat_hunting,arkime,network-traffic-analysis,,implementing
implementing-network-traffic-baselining,skill,network_security_and_perimeter,,network-traffic-baselining,,implementing
implementing-next-generation-firewall-with-palo-alto,skill,network_security_and_perimeter,palo-alto,firewall,,implementing
implementing-opa-gatekeeper-for-policy-enforcement,skill,container_and_kubernetes_security,,opa-gatekeeper,supply_chain_and_devsecops,implementing
implementing-ot-incident-response-playbook,skill,ot_ics_scada_security,,ot-incident,incident_response_and_soc_operations,implementing
implementing-ot-network-traffic-analysis-with-nozomi,skill,ot_ics_scada_security,nozomi,nozomi,detection_engineering_and_threat_hunting,implementing
implementing-pam-for-database-access,skill,identity_and_access_management,,pam-for,,implementing
implementing-passwordless-auth-with-microsoft-entra,skill,identity_and_access_management,microsoft-entra,passwordless,,implementing
implementing-passwordless-authentication-with-fido2,skill,identity_and_access_management,fido2,passwordless,,implementing
implementing-patch-management-for-ot-systems,skill,ot_ics_scada_security,,ot-systems,vulnerability_management,implementing
implementing-patch-management-workflow,skill,vulnerability_management,,patch-management,,implementing
implementing-pci-dss-compliance-controls,skill,compliance_and_grc,,pci-dss,,implementing
implementing-pod-security-admission-controller,skill,container_and_kubernetes_security,,pod-security,,implementing
implementing-policy-as-code-with-open-policy-agent,skill,supply_chain_and_devsecops,open-policy-agent,policy-as-code,,implementing
implementing-privileged-access-management-with-cyberark,skill,identity_and_access_management,cyberark,privileged-access,,implementing
implementing-privileged-access-workstation,skill,identity_and_access_management,,privileged-access,,implementing
implementing-privileged-session-monitoring,skill,identity_and_access_management,,privileged-session,,implementing
implementing-proofpoint-email-security-gateway,skill,email_and_social_engineering_security,,proofpoint,,implementing
implementing-purdue-model-network-segmentation,skill,ot_ics_scada_security,,purdue,network_security_and_perimeter,implementing
implementing-ransomware-backup-strategy,skill,incident_response_and_soc_operations,,ransomware-backup,,implementing
implementing-ransomware-kill-switch-detection,skill,incident_response_and_soc_operations,,ransomware-kill-switch,,implementing
implementing-rapid7-insightvm-for-scanning,skill,vulnerability_management,,rapid7-insightvm,,implementing
implementing-rbac-hardening-for-kubernetes,skill,container_and_kubernetes_security,,kubernetes,,implementing
implementing-rsa-key-pair-management,skill,cryptography_and_pki,,rsa-key,,implementing
implementing-runtime-application-self-protection,skill,endpoint_security_and_hardening,,runtime-application-self-protection,,implementing
implementing-runtime-security-with-tetragon,skill,container_and_kubernetes_security,tetragon,runtime-security-with-tetragon,,implementing
implementing-saml-sso-with-okta,skill,identity_and_access_management,okta,saml-sso,,implementing
implementing-scim-provisioning-with-okta,skill,identity_and_access_management,okta,scim-provisioning,,implementing
implementing-secret-scanning-with-gitleaks,skill,supply_chain_and_devsecops,gitleaks,gitleaks,,implementing
implementing-secrets-management-with-vault,skill,identity_and_access_management,vault,secrets-management,,implementing
implementing-secrets-scanning-in-ci-cd,skill,supply_chain_and_devsecops,,secrets-scanning,,implementing
implementing-security-chaos-engineering,skill,vulnerability_management,,security-chaos-engineering,,implementing
implementing-security-information-sharing-with-stix2,skill,threat_intelligence,stix2,stix,,implementing
implementing-security-monitoring-with-datadog,skill,detection_engineering_and_threat_hunting,datadog,security-monitoring,,implementing
implementing-semgrep-for-custom-sast-rules,skill,supply_chain_and_devsecops,,sast,,implementing
implementing-siem-correlation-rules-for-apt,skill,detection_engineering_and_threat_hunting,,siem,,implementing
implementing-siem-use-case-tuning,skill,detection_engineering_and_threat_hunting,,siem,,implementing
implementing-siem-use-cases-for-detection,skill,detection_engineering_and_threat_hunting,,siem,,implementing
implementing-sigstore-for-software-signing,skill,supply_chain_and_devsecops,,sigstore,,implementing
implementing-soar-automation-with-phantom,skill,incident_response_and_soc_operations,phantom,soar-automation,,implementing
implementing-soar-playbook-for-phishing,skill,email_and_social_engineering_security,,phishing,incident_response_and_soc_operations,implementing
implementing-soar-playbook-with-palo-alto-xsoar,skill,incident_response_and_soc_operations,palo-alto-xsoar,soar-playbook,,implementing
implementing-stix-taxii-feed-integration,skill,threat_intelligence,,stix,,implementing
implementing-supply-chain-security-with-in-toto,skill,supply_chain_and_devsecops,in-toto,in-toto,,implementing
implementing-syslog-centralization-with-rsyslog,skill,detection_engineering_and_threat_hunting,rsyslog,syslog-centralization,,implementing
implementing-taxii-server-with-opentaxii,skill,threat_intelligence,opentaxii,taxii,,implementing
implementing-threat-intelligence-lifecycle-management,skill,threat_intelligence,,threat-intelligence,,implementing
implementing-threat-modeling-with-mitre-attack,skill,threat_intelligence,mitre-attack,threat-modeling,,implementing
implementing-ticketing-system-for-incidents,skill,incident_response_and_soc_operations,,ticketing-system-for-incidents,,implementing
implementing-usb-device-control-policy,skill,endpoint_security_and_hardening,,usb-device-control,,implementing
implementing-velociraptor-for-ir-collection,skill,digital_forensics_and_incident_response,,velociraptor,,implementing
implementing-vulnerability-management-with-greenbone,skill,vulnerability_management,greenbone,greenbone,,implementing
implementing-vulnerability-remediation-sla,skill,vulnerability_management,,vulnerability-remediation,,implementing
implementing-vulnerability-sla-breach-alerting,skill,vulnerability_management,,vulnerability-sla,,implementing
implementing-web-application-logging-with-modsecurity,skill,application_and_api_security,modsecurity,web-application,,implementing
implementing-zero-knowledge-proof-for-authentication,skill,cryptography_and_pki,,zero-knowledge-proof,,implementing
implementing-zero-standing-privilege-with-cyberark,skill,identity_and_access_management,cyberark,cyberark,,implementing
implementing-zero-trust-dns-with-nextdns,skill,zero_trust_and_secure_access,nextdns,zero-trust,,implementing
implementing-zero-trust-for-saas-applications,skill,zero_trust_and_secure_access,,zero-trust,,implementing
implementing-zero-trust-in-cloud,skill,zero_trust_and_secure_access,,zero-trust,,implementing
implementing-zero-trust-network-access,skill,zero_trust_and_secure_access,,zero-trust,,implementing
implementing-zero-trust-network-access-with-zscaler,skill,zero_trust_and_secure_access,zscaler,zero-trust,,implementing
implementing-zero-trust-with-beyondcorp,skill,zero_trust_and_secure_access,beyondcorp,zero-trust,,implementing
implementing-zero-trust-with-hashicorp-boundary,skill,zero_trust_and_secure_access,hashicorp-boundary,zero-trust,,implementing
integrating-dast-with-owasp-zap-in-pipeline,skill,application_and_api_security,owasp-zap-in-pipeline,owasp-zap,supply_chain_and_devsecops,integrating
integrating-sast-into-github-actions-pipeline,skill,supply_chain_and_devsecops,,sast,,integrating
intercepting-mobile-traffic-with-burpsuite,skill,application_and_api_security,burpsuite,burpsuite,,
investigating-insider-threat-indicators,skill,incident_response_and_soc_operations,,insider-threat-indicators,,investigating
investigating-phishing-email-incident,skill,email_and_social_engineering_security,,phishing,,investigating
investigating-ransomware-attack-artifacts,skill,digital_forensics_and_incident_response,,ransomware-attack-artifacts,,investigating
legal,policy,legal_and_rules_of_engagement,,,,
linux,domain,linux,,,,
managing-cloud-identity-with-okta,skill,identity_and_access_management,okta,okta,,
managing-intelligence-lifecycle,skill,threat_intelligence,,intelligence-lifecycle,,
managing-third-party-vendor-risk,skill,compliance_and_grc,,third-party-vendor-risk,,
mapping-attack-paths-with-bloodhound-ce,skill,active_directory_and_identity_attacks,bloodhound-ce,bloodhound,,mapping
mapping-mitre-attack-techniques,skill,threat_intelligence,,mitre-attack-techniques,,mapping
migrating-to-post-quantum-cryptography,skill,cryptography_and_pki,,post-quantum-cryptography,,migrating
modeling-threats-with-opencti,skill,threat_intelligence,opencti,opencti,,
monitoring-darkweb-sources,skill,threat_intelligence,,darkweb,,monitoring
monitoring-scada-modbus-traffic-anomalies,skill,ot_ics_scada_security,,scada,,monitoring
moving-laterally-with-netexec,skill,active_directory_and_identity_attacks,netexec,netexec,,moving
nomic-local,infra_or_meta_needs_triage,,,,,
operating-havoc-c2,skill,offensive_security_and_red_teaming,,c2,,
operating-sliver-c2,skill,offensive_security_and_red_teaming,,c2,,
operationalizing-misp-threat-feeds,skill,threat_intelligence,,misp,,
orchestrating-llm-attacks-with-pyrit,skill,ai_and_llm_security,pyrit,llm,,orchestrating
paid-bash-security-v1-1,infra_or_meta_needs_triage,,,,,
parsing-artifacts-with-eric-zimmerman-tools,skill,digital_forensics_and_incident_response,eric-zimmerman-tools,eric-zimmerman,,
performing-access-recertification-with-saviynt,skill,identity_and_access_management,saviynt,saviynt,,performing
performing-access-review-and-certification,skill,identity_and_access_management,,access-review-and-certification,,performing
performing-active-directory-bloodhound-analysis,skill,active_directory_and_identity_attacks,,active-directory,,performing
performing-active-directory-compromise-investigation,skill,active_directory_and_identity_attacks,,active-directory,,performing
performing-active-directory-forest-trust-attack,skill,active_directory_and_identity_attacks,,active-directory,,performing
performing-active-directory-penetration-test,skill,active_directory_and_identity_attacks,,active-directory,offensive_security_and_red_teaming,performing
performing-active-directory-vulnerability-assessment,skill,active_directory_and_identity_attacks,,active-directory,,performing
performing-adversary-in-the-middle-phishing-detection,skill,email_and_social_engineering_security,,phishing,,performing
performing-agentless-vulnerability-scanning,skill,vulnerability_management,,vulnerability-scanning,,performing
performing-ai-driven-osint-correlation,skill,ai_and_llm_security,,ai-driven-osint,threat_intelligence,performing
performing-alert-triage-with-elastic-siem,skill,detection_engineering_and_threat_hunting,elastic-siem,siem,,performing
performing-android-app-static-analysis-with-mobsf,skill,mobile_security,mobsf,android,,performing
performing-api-fuzzing-with-restler,skill,application_and_api_security,restler,api-fuzzing,supply_chain_and_devsecops,performing
performing-api-inventory-and-discovery,skill,application_and_api_security,,api-inventory,,performing
performing-api-rate-limiting-bypass,skill,application_and_api_security,,api-rate-limiting,,performing
performing-api-security-testing-with-postman,skill,application_and_api_security,postman,api-security,,performing
performing-arp-spoofing-attack-simulation,skill,network_security_and_perimeter,,arp-spoofing,offensive_security_and_red_teaming,performing
performing-asset-criticality-scoring-for-vulns,skill,vulnerability_management,,asset-criticality-scoring,,performing
performing-authenticated-scan-with-openvas,skill,vulnerability_management,openvas,openvas,,performing
performing-authenticated-vulnerability-scan,skill,vulnerability_management,,authenticated-vulnerability-scan,,performing
performing-automated-malware-analysis-with-cape,skill,malware_analysis_and_reverse_engineering,cape,malware,,performing
performing-aws-account-enumeration-with-scout-suite,skill,cloud_security,scout-suite,aws,,performing
performing-aws-privilege-escalation-assessment,skill,cloud_security,,aws,endpoint_security_and_hardening,performing
performing-bandwidth-throttling-attack-simulation,skill,network_security_and_perimeter,,bandwidth-throttling,offensive_security_and_red_teaming,performing
performing-binary-exploitation-analysis,skill,malware_analysis_and_reverse_engineering,,binary-exploitation,,performing
performing-blind-ssrf-exploitation,skill,application_and_api_security,,ssrf,,performing
performing-bluetooth-security-assessment,skill,network_security_and_perimeter,,bluetooth,offensive_security_and_red_teaming,performing
performing-brand-monitoring-for-impersonation,skill,threat_intelligence,,brand-monitoring,,performing
performing-clickjacking-attack-test,skill,application_and_api_security,,clickjacking,,performing
performing-cloud-asset-inventory-with-cartography,skill,cloud_security,cartography,cloud-asset-inventory,,performing
performing-cloud-forensics-investigation,skill,digital_forensics_and_incident_response,,forensics,cloud_security,performing
performing-cloud-forensics-with-aws-cloudtrail,skill,digital_forensics_and_incident_response,aws-cloudtrail,forensics,cloud_security,performing
performing-cloud-incident-containment-procedures,skill,cloud_security,,cloud-incident,,performing
performing-cloud-log-forensics-with-athena,skill,digital_forensics_and_incident_response,athena,forensics,cloud_security,performing
performing-cloud-native-forensics-with-falco,skill,digital_forensics_and_incident_response,falco,forensics,cloud_security;container_and_kubernetes_security,performing
performing-cloud-native-threat-hunting-with-aws-detective,skill,detection_engineering_and_threat_hunting,aws-detective,threat-hunting,cloud_security,performing
performing-cloud-penetration-testing-with-pacu,skill,cloud_security,pacu,pacu,offensive_security_and_red_teaming,performing
performing-cloud-storage-forensic-acquisition,skill,digital_forensics_and_incident_response,,forensic-,cloud_security,performing
performing-container-escape-detection,skill,container_and_kubernetes_security,,container,,performing
performing-container-image-hardening,skill,container_and_kubernetes_security,,container,,performing
performing-container-security-scanning-with-trivy,skill,container_and_kubernetes_security,trivy,trivy,,performing
performing-content-security-policy-bypass,skill,application_and_api_security,,content-security-policy,,performing
performing-credential-access-with-lazagne,skill,active_directory_and_identity_attacks,lazagne,credential-access-with-lazagne,,performing
performing-cryptographic-audit-of-application,skill,application_and_api_security,,cryptographic-audit-of-application,,performing
performing-csrf-attack-simulation,skill,application_and_api_security,,csrf,offensive_security_and_red_teaming,performing
performing-cve-prioritization-with-kev-catalog,skill,vulnerability_management,kev-catalog,kev-catalog,,performing
performing-dark-web-monitoring-for-threats,skill,threat_intelligence,,dark-web,,performing
performing-deception-technology-deployment,skill,deception_technology,,deception,,performing
performing-directory-traversal-testing,skill,application_and_api_security,,directory-traversal,,performing
performing-disk-forensics-investigation,skill,digital_forensics_and_incident_response,,forensics,,performing
performing-dmarc-policy-enforcement-rollout,skill,email_and_social_engineering_security,,dmarc,,performing
performing-dns-enumeration-and-zone-transfer,skill,network_security_and_perimeter,,dns-enumeration,,performing
performing-dns-tunneling-detection,skill,detection_engineering_and_threat_hunting,,dns-tunneling,,performing
performing-docker-bench-security-assessment,skill,container_and_kubernetes_security,,docker,,performing
performing-dynamic-analysis-of-android-app,skill,mobile_security,,android,,performing
performing-dynamic-analysis-with-any-run,skill,malware_analysis_and_reverse_engineering,any-run,any-run,,performing
performing-endpoint-forensics-investigation,skill,digital_forensics_and_incident_response,,forensics,,performing
performing-endpoint-vulnerability-remediation,skill,vulnerability_management,,vulnerability-remediation,,performing
performing-entitlement-review-with-sailpoint-iiq,skill,identity_and_access_management,sailpoint-iiq,sailpoint,,performing
performing-external-network-penetration-test,skill,offensive_security_and_red_teaming,,penetration-test,,performing
performing-false-positive-reduction-in-siem,skill,detection_engineering_and_threat_hunting,,siem,,performing
performing-file-carving-with-foremost,skill,digital_forensics_and_incident_response,foremost,foremost,,performing
performing-firmware-extraction-with-binwalk,skill,malware_analysis_and_reverse_engineering,binwalk,firmware-extraction,,performing
performing-firmware-malware-analysis,skill,malware_analysis_and_reverse_engineering,,malware,,performing
performing-fuzzing-with-aflplusplus,skill,supply_chain_and_devsecops,aflplusplus,fuzzing,,performing
performing-gcp-penetration-testing-with-gcpbucketbrute,skill,cloud_security,gcpbucketbrute,gcp,offensive_security_and_red_teaming,performing
performing-gcp-security-assessment-with-forseti,skill,cloud_security,forseti,gcp,,performing
performing-graphql-depth-limit-attack,skill,application_and_api_security,,graphql,,performing
performing-graphql-introspection-attack,skill,application_and_api_security,,graphql,,performing
performing-graphql-security-assessment,skill,application_and_api_security,,graphql,,performing
performing-hardware-security-module-integration,skill,cryptography_and_pki,,hardware-security-module,,performing
performing-hash-cracking-with-hashcat,skill,active_directory_and_identity_attacks,hashcat,hash-cracking,,performing
performing-http-parameter-pollution-attack,skill,application_and_api_security,,http-parameter-pollution,,performing
performing-ics-asset-discovery-with-claroty,skill,ot_ics_scada_security,claroty,claroty,,performing
performing-indicator-lifecycle-management,skill,threat_intelligence,,indicator-lifecycle-management,,performing
performing-initial-access-with-evilginx3,skill,offensive_security_and_red_teaming,evilginx3,initial-access,,performing
performing-insider-threat-investigation,skill,incident_response_and_soc_operations,,insider-threat-investigation,,performing
performing-ioc-enrichment-automation,skill,threat_intelligence,,ioc,,performing
performing-ios-app-security-assessment,skill,mobile_security,,ios-app,,performing
performing-iot-security-assessment,skill,offensive_security_and_red_teaming,,iot-security-assessment,,performing
performing-ip-reputation-analysis-with-shodan,skill,threat_intelligence,shodan,shodan,,performing
performing-jwt-none-algorithm-attack,skill,application_and_api_security,,jwt,,performing
performing-kerberoasting-attack,skill,active_directory_and_identity_attacks,,kerberoast,,performing
performing-kubernetes-cis-benchmark-with-kube-bench,skill,container_and_kubernetes_security,kube-bench,kubernetes,compliance_and_grc,performing
performing-kubernetes-etcd-security-assessment,skill,container_and_kubernetes_security,,kubernetes,,performing
performing-kubernetes-penetration-testing,skill,container_and_kubernetes_security,,kubernetes,offensive_security_and_red_teaming,performing
performing-lateral-movement-detection,skill,active_directory_and_identity_attacks,,lateral-movement,,performing
performing-lateral-movement-with-wmiexec,skill,active_directory_and_identity_attacks,wmiexec,wmiexec,,performing
performing-linux-log-forensics-investigation,skill,digital_forensics_and_incident_response,,forensics,,performing
performing-log-analysis-for-forensic-investigation,skill,digital_forensics_and_incident_response,,forensic-,,performing
performing-log-source-onboarding-in-siem,skill,detection_engineering_and_threat_hunting,,siem,,performing
performing-malware-hash-enrichment-with-virustotal,skill,malware_analysis_and_reverse_engineering,virustotal,malware,,performing
performing-malware-ioc-extraction,skill,malware_analysis_and_reverse_engineering,,malware,threat_intelligence,performing
performing-malware-persistence-investigation,skill,malware_analysis_and_reverse_engineering,,malware,,performing
performing-malware-triage-with-yara,skill,malware_analysis_and_reverse_engineering,yara,malware,,performing
performing-memory-forensics-with-volatility3,skill,digital_forensics_and_incident_response,volatility3,volatility,,performing
performing-memory-forensics-with-volatility3-plugins,skill,digital_forensics_and_incident_response,volatility3-plugins,volatility,,performing
performing-mobile-app-certificate-pinning-bypass,skill,mobile_security,,mobile-app,,performing
performing-mobile-device-forensics-with-cellebrite,skill,mobile_security,cellebrite,mobile-device-forensics,digital_forensics_and_incident_response,performing
performing-network-forensics-with-wireshark,skill,digital_forensics_and_incident_response,wireshark,forensics,network_security_and_perimeter,performing
performing-network-packet-capture-analysis,skill,detection_engineering_and_threat_hunting,,network-packet-capture,,performing
performing-network-traffic-analysis-with-tshark,skill,detection_engineering_and_threat_hunting,tshark,network-traffic-analysis,,performing
performing-network-traffic-analysis-with-zeek,skill,detection_engineering_and_threat_hunting,zeek,zeek,,performing
performing-nist-csf-maturity-assessment,skill,compliance_and_grc,,nist-csf,,performing
performing-oauth-scope-minimization-review,skill,application_and_api_security,,oauth-scope-minimization,,performing
performing-oil-gas-cybersecurity-assessment,skill,ot_ics_scada_security,,oil-gas,,performing
performing-open-source-intelligence-gathering,skill,threat_intelligence,,open-source-intelligence,,performing
performing-osint-with-spiderfoot,skill,threat_intelligence,spiderfoot,osint,,performing
performing-ot-network-security-assessment,skill,ot_ics_scada_security,,ot-network,,performing
performing-ot-vulnerability-assessment-with-claroty,skill,ot_ics_scada_security,claroty,claroty,,performing
performing-ot-vulnerability-scanning-safely,skill,ot_ics_scada_security,,ot-vulnerability,vulnerability_management,performing
performing-packet-injection-attack,skill,network_security_and_perimeter,,packet-injection,,performing
performing-paste-site-monitoring-for-credentials,skill,threat_intelligence,,paste-site-monitoring,,performing
performing-phishing-simulation-with-gophish,skill,email_and_social_engineering_security,gophish,phishing,offensive_security_and_red_teaming,performing
performing-physical-intrusion-assessment,skill,offensive_security_and_red_teaming,,physical-intrusion,,performing
performing-plc-firmware-security-analysis,skill,ot_ics_scada_security,,plc-firmware,,performing
performing-post-quantum-cryptography-migration,skill,cryptography_and_pki,,post-quantum-cryptography,,performing
performing-power-grid-cybersecurity-assessment,skill,ot_ics_scada_security,,power-grid,,performing
performing-privacy-impact-assessment,skill,compliance_and_grc,,privacy-impact-assessment,,performing
performing-privilege-escalation-assessment,skill,endpoint_security_and_hardening,,privilege-escalation-assessment,,performing
performing-privilege-escalation-on-linux,skill,endpoint_security_and_hardening,,privilege-escalation-on-linux,,performing
performing-privileged-account-access-review,skill,identity_and_access_management,,privileged-account,,performing
performing-privileged-account-discovery,skill,identity_and_access_management,,privileged-account,,performing
performing-purple-team-atomic-testing,skill,offensive_security_and_red_teaming,,purple-team,,performing
performing-purple-team-exercise,skill,offensive_security_and_red_teaming,,purple-team,,performing
performing-ransomware-response,skill,incident_response_and_soc_operations,,ransomware-response,,performing
performing-ransomware-tabletop-exercise,skill,incident_response_and_soc_operations,,tabletop-exercise,,performing
performing-red-team-phishing-with-gophish,skill,email_and_social_engineering_security,gophish,phishing,offensive_security_and_red_teaming,performing
performing-red-team-with-covenant,skill,offensive_security_and_red_teaming,covenant,covenant,,performing
performing-s7comm-protocol-security-analysis,skill,ot_ics_scada_security,,s7comm,,performing
performing-sca-dependency-scanning-with-snyk,skill,supply_chain_and_devsecops,snyk,snyk,,performing
performing-scada-hmi-security-assessment,skill,ot_ics_scada_security,,scada,,performing
performing-second-order-sql-injection,skill,application_and_api_security,,sql-injection,,performing
performing-security-headers-audit,skill,application_and_api_security,,security-headers-audit,,performing
performing-serverless-function-security-review,skill,cloud_security,,serverless,,performing
performing-service-account-audit,skill,identity_and_access_management,,service-account,,performing
performing-service-account-credential-rotation,skill,identity_and_access_management,,service-account,,performing
performing-soap-web-service-security-testing,skill,application_and_api_security,,soap-web-service,,performing
performing-soc-tabletop-exercise,skill,incident_response_and_soc_operations,,soc-tabletop,,performing
performing-soc2-type2-audit-preparation,skill,compliance_and_grc,,soc2,,performing
performing-sqlite-database-forensics,skill,digital_forensics_and_incident_response,,sqlite-database-forensics,,performing
performing-ssl-certificate-lifecycle-management,skill,network_security_and_perimeter,,ssl-certificate,cryptography_and_pki,performing
performing-ssl-stripping-attack,skill,network_security_and_perimeter,,ssl-stripping,,performing
performing-ssl-tls-inspection-configuration,skill,network_security_and_perimeter,,tls-inspection,,performing
performing-ssl-tls-security-assessment,skill,network_security_and_perimeter,,ssl-tls,,performing
performing-ssrf-vulnerability-exploitation,skill,application_and_api_security,,ssrf,,performing
performing-static-malware-analysis-with-pe-studio,skill,malware_analysis_and_reverse_engineering,pe-studio,malware,,performing
performing-steganography-detection,skill,malware_analysis_and_reverse_engineering,,steganography,,performing
performing-subdomain-enumeration-with-subfinder,skill,network_security_and_perimeter,subfinder,subdomain-enumeration,,performing
performing-supply-chain-attack-simulation,skill,offensive_security_and_red_teaming,,attack-simulation,,performing
performing-thick-client-application-penetration-test,skill,application_and_api_security,,thick-client,offensive_security_and_red_teaming,performing
performing-threat-emulation-with-atomic-red-team,skill,offensive_security_and_red_teaming,atomic-red-team,red-team,,performing
performing-threat-hunting-with-elastic-siem,skill,detection_engineering_and_threat_hunting,elastic-siem,siem,,performing
performing-threat-hunting-with-yara-rules,skill,detection_engineering_and_threat_hunting,yara-rules,threat-hunting,malware_analysis_and_reverse_engineering,performing
performing-threat-intelligence-sharing-with-misp,skill,threat_intelligence,misp,misp,,performing
performing-threat-landscape-assessment-for-sector,skill,threat_intelligence,,threat-landscape,,performing
performing-threat-modeling-with-owasp-threat-dragon,skill,threat_intelligence,owasp-threat-dragon,threat-modeling,,performing
performing-timeline-reconstruction-with-plaso,skill,digital_forensics_and_incident_response,plaso,plaso,,performing
performing-user-behavior-analytics,skill,detection_engineering_and_threat_hunting,,user-behavior-analytics,,performing
performing-vlan-hopping-attack,skill,network_security_and_perimeter,,vlan-hopping,,performing
performing-vulnerability-scanning-with-nessus,skill,vulnerability_management,nessus,nessus,,performing
performing-web-application-firewall-bypass,skill,application_and_api_security,,web-application,network_security_and_perimeter,performing
performing-web-application-penetration-test,skill,application_and_api_security,,web-application,offensive_security_and_red_teaming,performing
performing-web-application-scanning-with-nikto,skill,application_and_api_security,nikto,nikto,,performing
performing-web-application-vulnerability-triage,skill,application_and_api_security,,web-application,vulnerability_management,performing
performing-web-cache-deception-attack,skill,deception_technology,,deception,application_and_api_security,performing
performing-web-cache-poisoning-attack,skill,application_and_api_security,,web-cache,,performing
performing-wifi-password-cracking-with-aircrack,skill,network_security_and_perimeter,aircrack,wifi-password,,performing
performing-windows-artifact-analysis-with-eric-zimmerman-tools,skill,digital_forensics_and_incident_response,eric-zimmerman-tools,eric-zimmerman,,performing
performing-wireless-network-penetration-test,skill,network_security_and_perimeter,,wireless-network,offensive_security_and_red_teaming,performing
performing-wireless-security-assessment-with-kismet,skill,network_security_and_perimeter,kismet,kismet,,performing
performing-yara-rule-development-for-detection,skill,malware_analysis_and_reverse_engineering,,yara,,performing
post-exploiting-microsoft-graph-with-graphrunner,skill,active_directory_and_identity_attacks,graphrunner,graphrunner,,post-exploiting
powershell,domain,powershell,,,,
primitives,infra_or_meta_needs_triage,,,,,
prioritizing-vulnerabilities-with-cvss-scoring,skill,vulnerability_management,cvss-scoring,cvss,,prioritizing
processing-stix-taxii-feeds,skill,threat_intelligence,,stix,,processing
profiling-threat-actor-groups,skill,threat_intelligence,,threat-actor,,profiling
pulse-routing,infra_or_meta_needs_triage,,,,,
python_env,domain,python_env,,,,
recovering-deleted-files-with-photorec,skill,digital_forensics_and_incident_response,photorec,photorec,,recovering
recovering-from-ransomware-attack,skill,incident_response_and_soc_operations,,recovering-from-ransomware,,recovering
red-teaming-llms-with-garak,skill,ai_and_llm_security,garak,llm,offensive_security_and_red_teaming,
relaying-ntlm-for-adcs-esc8,skill,active_directory_and_identity_attacks,,adcs,,
remediating-s3-bucket-misconfiguration,skill,cloud_security,,s3,,remediating
reverse-engineering-android-malware-with-jadx,skill,mobile_security,jadx,android,malware_analysis_and_reverse_engineering,reverse-engineering
reverse-engineering-dotnet-malware-with-dnspy,skill,malware_analysis_and_reverse_engineering,dnspy,malware,,reverse-engineering
reverse-engineering-ios-app-with-frida,skill,mobile_security,frida,ios-app,malware_analysis_and_reverse_engineering,reverse-engineering
reverse-engineering-malware-with-ghidra,skill,malware_analysis_and_reverse_engineering,ghidra,malware,,reverse-engineering
reverse-engineering-ransomware-encryption-routine,skill,malware_analysis_and_reverse_engineering,,ransomware-encryption,,reverse-engineering
reverse-engineering-rust-malware,skill,malware_analysis_and_reverse_engineering,,malware,,reverse-engineering
scanning-container-images-with-grype,skill,container_and_kubernetes_security,grype,container,,scanning
scanning-containers-with-trivy-in-cicd,skill,container_and_kubernetes_security,trivy-in-cicd,trivy,,scanning
scanning-docker-images-with-trivy,skill,container_and_kubernetes_security,trivy,docker,,scanning
scanning-iac-and-images-with-trivy,skill,container_and_kubernetes_security,trivy,trivy,,scanning
scanning-infrastructure-with-nessus,skill,vulnerability_management,nessus,nessus,,scanning
scanning-kubernetes-manifests-with-kubesec,skill,container_and_kubernetes_security,kubesec,kubernetes,,scanning
scanning-network-with-nmap-advanced,skill,network_security_and_perimeter,nmap-advanced,nmap,,scanning
securing-agentic-ai-tool-invocation,skill,ai_and_llm_security,,agentic-ai-tool,,securing
securing-api-gateway-with-aws-waf,skill,cloud_security,aws-waf,aws,application_and_api_security,securing
securing-aws-iam-permissions,skill,cloud_security,,aws,,securing
securing-aws-lambda-execution-roles,skill,cloud_security,,aws,,securing
securing-azure-with-microsoft-defender,skill,cloud_security,microsoft-defender,azure,,securing
securing-container-registry-images,skill,container_and_kubernetes_security,,container,,securing
securing-container-registry-with-harbor,skill,container_and_kubernetes_security,harbor,container,,securing
securing-github-actions-workflows,skill,supply_chain_and_devsecops,,github-actions-workflows,,securing
securing-helm-chart-deployments,skill,container_and_kubernetes_security,,helm-chart,,securing
securing-historian-server-in-ot-environment,skill,ot_ics_scada_security,,historian,,securing
securing-kubernetes-on-cloud,skill,container_and_kubernetes_security,,kubernetes,,securing
securing-remote-access-to-ot-environment,skill,ot_ics_scada_security,,ot-environment,,securing
securing-serverless-functions,skill,cloud_security,,serverless,,securing
testing-android-intents-for-vulnerabilities,skill,mobile_security,,android,,testing
testing-api-authentication-weaknesses,skill,application_and_api_security,,api-authentication,,testing
testing-api-for-broken-object-level-authorization,skill,application_and_api_security,,broken-object,,testing
testing-api-for-mass-assignment-vulnerability,skill,application_and_api_security,,mass-assignment,,testing
testing-api-security-with-owasp-top-10,skill,application_and_api_security,owasp-top-10,api-security,,testing
testing-cors-misconfiguration,skill,application_and_api_security,,cors-misconfiguration,,testing
testing-for-broken-access-control,skill,application_and_api_security,,broken-access-control,,testing
testing-for-business-logic-vulnerabilities,skill,application_and_api_security,,business-logic-vulnerabilities,,testing
testing-for-email-header-injection,skill,application_and_api_security,,email-header-injection,,testing
testing-for-host-header-injection,skill,application_and_api_security,,host-header-injection,,testing
testing-for-json-web-token-vulnerabilities,skill,application_and_api_security,,jwt,,testing
testing-for-open-redirect-vulnerabilities,skill,application_and_api_security,,open-redirect,,testing
testing-for-sensitive-data-exposure,skill,application_and_api_security,,sensitive-data-exposure,,testing
testing-for-system-prompt-leakage,skill,ai_and_llm_security,,system-prompt-leakage,,testing
testing-for-xml-injection-vulnerabilities,skill,application_and_api_security,,xml-injection,,testing
testing-for-xss-vulnerabilities,skill,application_and_api_security,,xss,,testing
testing-for-xss-vulnerabilities-with-burpsuite,skill,application_and_api_security,burpsuite,xss,,testing
testing-for-xxe-injection-vulnerabilities,skill,application_and_api_security,,xxe,,testing
testing-jwt-token-security,skill,application_and_api_security,,jwt,,testing
testing-mobile-api-authentication,skill,mobile_security,,mobile-api,application_and_api_security,testing
testing-oauth2-implementation-flaws,skill,application_and_api_security,,oauth2,,testing
testing-prompt-injection-in-rag-pipelines,skill,ai_and_llm_security,,prompt-injection,,testing
testing-ransomware-recovery-procedures,skill,digital_forensics_and_incident_response,,ransomware-recovery-procedures,,testing
testing-websocket-api-security,skill,application_and_api_security,,api-security,,testing
tracking-threat-actor-infrastructure,skill,threat_intelligence,,threat-actor,,
triaging-security-alerts-in-splunk,skill,detection_engineering_and_threat_hunting,,splunk,incident_response_and_soc_operations,triaging
triaging-security-incident,skill,incident_response_and_soc_operations,,triaging-security,,triaging
triaging-security-incident-with-ir-playbook,skill,incident_response_and_soc_operations,ir-playbook,ir-playbook,,triaging
triaging-vulnerabilities-with-ssvc-framework,skill,vulnerability_management,ssvc-framework,ssvc-framework,,triaging
triaging-windows-with-kape,skill,digital_forensics_and_incident_response,kape,kape,,triaging
troubleshooting,infra_or_meta_needs_triage,,,,,
validating-backup-integrity-for-recovery,skill,incident_response_and_soc_operations,,backup-integrity,,validating
validating-tpm-measured-boot-attestation,skill,cryptography_and_pki,,tpm-measured-boot,,validating
verifying-build-provenance-with-slsa-sigstore,skill,supply_chain_and_devsecops,slsa-sigstore,slsa,,
